Tiempo (s),RPM referencia,Torque (NÂ·m),Velocidad angular (rad/s),Potencia (W)
0.0,0.0,5.0,0.0,0.0
0.01001001001001001,3.003003003003003,4.994994994994995,0.31447373909807735,1.5707947528522583
0.02002002002002002,6.006006006006006,4.98998998998999,0.6289474781961547,3.1384416204282597
0.03003003003003003,9.00900900900901,4.984984984984985,0.9434212172942321,4.702940602728004
0.04004004004004004,12.012012012012011,4.97997997997998,1.2578949563923094,6.264291699751491
0.050050050050050046,15.015015015015013,4.974974974974975,1.5723686954903868,7.822494911498722
0.06006006006006006,18.01801801801802,4.96996996996997,1.8868424345884642,9.377550237969695
0.07007007007007007,21.02102102102102,4.964964964964965,2.201316173686542,10.929457679164413
0.08008008008008008,24.024024024024023,4.95995995995996,2.515789912784619,12.47821723508287
0.09009009009009009,27.027027027027025,4.954954954954955,2.8302636518826962,14.023828905725072
0.10010010010010009,30.030030030030026,4.94994994994995,3.1447373909807737,15.566292691091016
0.11011011011011011,33.033033033033036,4.944944944944945,3.4592111300788515,17.105608591180708
0.12012012012012012,36.03603603603604,4.93993993993994,3.7736848691769285,18.641776605994135
0.13013013013013014,39.03903903903904,4.934934934934935,4.088158608275006,20.174796735531313
0.14014014014014015,42.04204204204204,4.92992992992993,4.402632347373084,21.70466897979223
0.15015015015015015,45.04504504504504,4.924924924924925,4.717106086471161,23.23139333877689
0.16016016016016016,48.048048048048045,4.91991991991992,5.031579825569238,24.75496981248529
0.17017017017017017,51.05105105105105,4.914914914914915,5.346053564667315,26.275398400917435
0.18018018018018017,54.05405405405405,4.90990990990991,5.6605273037653925,27.792679104073322
0.19019019019019018,57.05705705705705,4.904904904904905,5.97500104286347,29.306811921952956
0.20020020020020018,60.06006006006005,4.8998998998999,6.289474781961547,30.81779685455633
0.21021021021021022,63.06306306306307,4.894894894894895,6.603948521059626,32.32563390188345
0.22022022022022023,66.06606606606607,4.88988988988989,6.918422260157703,33.830323063934316
0.23023023023023023,69.06906906906907,4.884884884884885,7.2328959992557795,35.33186434070891
0.24024024024024024,72.07207207207207,4.87987987987988,7.547369738353857,36.83025773220726
0.2502502502502503,75.07507507507508,4.874874874874875,7.861843477451935,38.325503238429356
0.2602602602602603,78.07807807807808,4.86986986986987,8.176317216550013,39.81760085937519
0.2702702702702703,81.08108108108108,4.864864864864865,8.49079095564809,41.30655059504476
0.2802802802802803,84.08408408408408,4.85985985985986,8.805264694746167,42.792352445438084
0.2902902902902903,87.08708708708708,4.854854854854855,9.119738433844244,44.275006410555136
0.3003003003003003,90.09009009009009,4.84984984984985,9.434212172942322,45.754512490395946
0.3103103103103103,93.09309309309309,4.844844844844845,9.748685912040399,47.23087068496049
0.3203203203203203,96.09609609609609,4.83983983983984,10.063159651138475,48.70408099424878
0.3303303303303303,99.09909909909909,4.834834834834835,10.377633390236554,50.17414341826082
0.34034034034034033,102.1021021021021,4.82982982982983,10.69210712933463,51.64105795699659
0.35035035035035034,105.1051051051051,4.824824824824825,11.006580868432708,53.10482461045611
0.36036036036036034,108.1081081081081,4.81981981981982,11.321054607530785,54.56544337863937
0.37037037037037035,111.1111111111111,4.814814814814815,11.635528346628861,56.02291426154637
0.38038038038038036,114.1141141141141,4.80980980980981,11.95000208572694,57.47723725917712
0.39039039039039036,117.1171171171171,4.804804804804805,12.264475824825016,58.928412371531614
0.40040040040040037,120.1201201201201,4.7997997997998,12.578949563923095,60.37643959860985
0.41041041041041043,123.12312312312314,4.794794794794795,12.893423303021175,61.82131894041184
0.42042042042042044,126.12612612612614,4.78978978978979,13.207897042119251,63.26305039693756
0.43043043043043044,129.12912912912913,4.784784784784785,13.522370781217328,64.70163396818701
0.44044044044044045,132.13213213213214,4.77977977977978,13.836844520315406,66.13706965416023
0.45045045045045046,135.13513513513513,4.774774774774775,14.15131825941348,67.56935745485715
0.46046046046046046,138.13813813813815,4.76976976976977,14.465791998511559,68.99849737027786
0.47047047047047047,141.14114114114113,4.764764764764765,14.780265737609636,70.42448940042229
0.4804804804804805,144.14414414414415,4.75975975975976,15.094739476707714,71.84733354529047
0.4904904904904905,147.14714714714714,4.754754754754755,15.40921321580579,73.26702980488238
0.5005005005005005,150.15015015015015,4.74974974974975,15.72368695490387,74.68357817919807
0.5105105105105106,153.15315315315317,4.744744744744745,16.03816069400195,76.09697866823748
0.5205205205205206,156.15615615615616,4.73973973973974,16.352634433100025,77.50723127200062
0.5305305305305306,159.15915915915917,4.734734734734735,16.667108172198102,78.91433599048752
0.5405405405405406,162.16216216216216,4.72972972972973,16.98158191129618,80.31829282369814
0.5505505505505506,165.16516516516518,4.724724724724725,17.296055650394255,81.71910177163252
0.5605605605605606,168.16816816816817,4.71971971971972,17.610529389492335,83.11676283429065
0.5705705705705706,171.17117117117118,4.714714714714715,17.92500312859041,84.5112760116725
0.5805805805805806,174.17417417417417,4.70970970970971,18.239476867688488,85.90264130377811
0.5905905905905906,177.17717717717719,4.704704704704705,18.553950606786564,87.29085871060747
0.6006006006006006,180.18018018018017,4.6996996996997,18.868424345884645,88.67592823216057
0.6106106106106106,183.1831831831832,4.694694694694695,19.18289808498272,90.0578498684374
0.6206206206206206,186.18618618618618,4.68968968968969,19.497371824080798,91.43662361943798
0.6306306306306306,189.1891891891892,4.684684684684685,19.811845563178874,92.8122494851623
0.6406406406406406,192.19219219219218,4.67967967967968,20.12631930227695,94.18472746561035
0.6506506506506506,195.1951951951952,4.674674674674675,20.440793041375027,95.55405756078216
0.6606606606606606,198.19819819819818,4.66966966966967,20.755266780473107,96.92023977067772
0.6706706706706707,201.2012012012012,4.664664664664665,21.069740519571187,98.28327409529703
0.6806806806806807,204.2042042042042,4.65965965965966,21.38421425866926,99.64316053464005
0.6906906906906907,207.2072072072072,4.654654654654655,21.69868799776734,100.99989908870684
0.7007007007007007,210.2102102102102,4.64964964964965,22.013161736865417,102.35348975749736
0.7107107107107107,213.2132132132132,4.644644644644645,22.327635475963497,103.70393254101164
0.7207207207207207,216.2162162162162,4.63963963963964,22.64210921506157,105.05122743924963
0.7307307307307307,219.2192192192192,4.634634634634635,22.95658295415965,106.3953744522114
0.7407407407407407,222.2222222222222,4.62962962962963,23.271056693257723,107.73637357989686
0.7507507507507507,225.22522522522522,4.624624624624625,23.585530432355803,109.07422482230612
0.7607607607607607,228.2282282282282,4.61961961961962,23.90000417145388,110.4089281794391
0.7707707707707707,231.23123123123122,4.614614614614615,24.21447791055196,111.74048365129583
0.7807807807807807,234.2342342342342,4.60960960960961,24.528951649650033,113.06889123787629
0.7907907907907907,237.23723723723722,4.604604604604605,24.843425388748113,114.3941509391805
0.8008008008008007,240.2402402402402,4.5995995995996,25.15789912784619,115.71626275520845
0.8108108108108109,243.24324324324326,4.594594594594595,25.47237286694427,117.03522668596015
0.8208208208208209,246.24624624624627,4.58958958958959,25.78684660604235,118.35104273143561
0.8308308308308309,249.24924924924926,4.584584584584585,26.101320345140426,119.66371089163479
0.8408408408408409,252.25225225225228,4.57957957957958,26.415794084238502,120.97323116655771
0.8508508508508509,255.25525525525526,4.574574574574575,26.73026782333658,122.27960355620438
0.8608608608608609,258.25825825825825,4.56956956956957,27.044741562434655,123.58282806057478
0.8708708708708709,261.26126126126127,4.564564564564565,27.359215301532736,124.88290467966895
0.8808808808808809,264.2642642642643,4.55955955955956,27.673689040630812,126.17983341348685
0.8908908908908909,267.2672672672673,4.554554554554555,27.988162779728892,127.47361426202849
0.9009009009009009,270.27027027027026,4.54954954954955,28.30263651882696,128.76424722529384
0.9109109109109109,273.2732732732733,4.544544544544545,28.61711025792504,130.051732303283
0.9209209209209209,276.2762762762763,4.53953953953954,28.931583997023118,131.33606949599584
0.9309309309309309,279.2792792792793,4.534534534534535,29.2460577361212,132.6172588034325
0.9409409409409409,282.28228228228227,4.52952952952953,29.56053147521927,133.8953002255928
0.950950950950951,285.2852852852853,4.524524524524525,29.87500521431735,135.1701937624769
0.960960960960961,288.2882882882883,4.51951951951952,30.189478953415428,136.44193941408474
0.970970970970971,291.2912912912913,4.514514514514515,30.503952692513508,137.71053718041634
0.980980980980981,294.2942942942943,4.50950950950951,30.81842643161158,138.97598706147164
0.990990990990991,297.2972972972973,4.504504504504505,31.13290017070966,140.23828905725074
1.001001001001001,300.3003003003003,4.4994994994995,31.44737390980774,141.49744316775354
1.011011011011011,303.3033033033033,4.494494494494495,31.761847648905817,142.75344939298012
1.021021021021021,306.30630630630634,4.48948948948949,32.0763213880039,144.00630773293042
1.031031031031031,309.30930930930936,4.484484484484485,32.390795127101974,145.25601818760447
1.0410410410410411,312.3123123123123,4.47947947947948,32.70526886620005,146.50258075700222
1.0510510510510511,315.31531531531533,4.474474474474475,33.01974260529813,147.74599544112377
1.0610610610610611,318.31831831831835,4.46946946946947,33.334216344396204,148.98626223996902
1.0710710710710711,321.32132132132136,4.464464464464465,33.64869008349429,150.22338115353807
1.0810810810810811,324.3243243243243,4.45945945945946,33.96316382259236,151.4573521818308
1.0910910910910911,327.32732732732734,4.454454454454455,34.27763756169043,152.6881753248473
1.1011011011011012,330.33033033033036,4.44944944944945,34.59211130078851,153.91585058258752
1.1111111111111112,333.33333333333337,4.444444444444445,34.90658503988659,155.14037795505152
1.1211211211211212,336.33633633633633,4.43943943943944,35.22105877898467,156.36175744223925
1.1311311311311312,339.33933933933935,4.434434434434435,35.535532518082746,157.57998904415072
1.1411411411411412,342.34234234234236,4.42942942942943,35.85000625718082,158.79507276078593
1.1511511511511512,345.3453453453454,4.424424424424425,36.16447999627891,160.00700859214493
1.1611611611611612,348.34834834834834,4.41941941941942,36.478953735376976,161.21579653822758
1.1711711711711712,351.35135135135135,4.414414414414415,36.79342747447505,162.42143659903402
1.1811811811811812,354.35435435435437,4.40940940940941,37.10790121357313,163.6239287745642
1.1911911911911912,357.3573573573574,4.404404404404405,37.42237495267121,164.82327306481815
1.2012012012012012,360.36036036036035,4.3993993993994,37.73684869176929,166.01946946979584
1.2112112112112112,363.36336336336336,4.394394394394395,38.051322430867366,167.21251798949723
1.2212212212212212,366.3663663663664,4.38938938938939,38.36579616996544,168.4024186239224
1.2312312312312312,369.3693693693694,4.384384384384385,38.680269909063526,169.5891713730713
1.2412412412412412,372.37237237237235,4.37937937937938,38.994743648161595,170.77277623694394
1.2512512512512513,375.37537537537537,4.374374374374375,39.30921738725967,171.9532332155403
1.2612612612612613,378.3783783783784,4.36936936936937,39.62369112635775,173.13054230886044
1.2712712712712713,381.3813813813814,4.364364364364365,39.93816486545583,174.30470351690434
1.2812812812812813,384.38438438438436,4.35935935935936,40.2526386045539,175.47571683967192
1.2912912912912913,387.3873873873874,4.354354354354355,40.56711234365198,176.6435822771633
1.3013013013013013,390.3903903903904,4.34934934934935,40.881586082750054,177.80829982937837
1.3113113113113113,393.3933933933934,4.344344344344345,41.19605982184814,178.96986949631724
1.3213213213213213,396.39639639639637,4.33933933933934,41.510533560946214,180.12829127797983
1.3313313313313313,399.3993993993994,4.334334334334335,41.82500730004429,181.28356517436615
1.3413413413413413,402.4024024024024,4.32932932932933,42.139481039142375,182.43569118547626
1.3513513513513513,405.4054054054054,4.324324324324325,42.45395477824045,183.58466931131008
1.3613613613613613,408.4084084084084,4.31931931931932,42.76842851733852,184.73049955186758
1.3713713713713713,411.4114114114114,4.314314314314315,43.0829022564366,185.8731819071489
1.3813813813813813,414.4144144144144,4.3093093093093096,43.39737599553468,187.01271637715396
1.3913913913913913,417.4174174174174,4.3043043043043046,43.71184973463276,188.14910296188276
1.4014014014014013,420.4204204204204,4.2992992992992995,44.026323473730834,189.28234166133527
1.4114114114114114,423.4234234234234,4.2942942942942945,44.34079721282891,190.41243247551154
1.4214214214214214,426.4264264264264,4.2892892892892895,44.655270951926994,191.5393754044116
1.4314314314314314,429.42942942942943,4.2842842842842845,44.96974469102507,192.66317044803534
1.4414414414414414,432.4324324324324,4.2792792792792795,45.28421843012314,193.78381760638283
1.4514514514514514,435.4354354354354,4.2742742742742745,45.598692169221216,194.90131687945407
1.4614614614614614,438.4384384384384,4.2692692692692695,45.9131659083193,196.01566826724908
1.4714714714714714,441.44144144144144,4.2642642642642645,46.22763964741738,197.1268717697678
1.4814814814814814,444.4444444444444,4.2592592592592595,46.542113386515446,198.23492738701023
1.4914914914914914,447.4474474474474,4.2542542542542545,46.85658712561352,199.33983511897645
1.5015015015015014,450.45045045045043,4.2492492492492495,47.171060864711606,200.44159496566644
1.5115115115115114,453.45345345345345,4.2442442442442445,47.48553460380968,201.54020692708013
1.5215215215215214,456.4564564564564,4.2392392392392395,47.80000834290776,202.6356710032176
1.5315315315315314,459.4594594594594,4.2342342342342345,48.114482082005836,203.72798719407876
1.5415415415415414,462.46246246246244,4.2292292292292295,48.42895582110392,204.81715549966373
1.5515515515515514,465.46546546546546,4.2242242242242245,48.743429560201996,205.9031759199724
1.5615615615615615,468.4684684684684,4.2192192192192195,49.057903299300065,206.9860484550048
1.5715715715715715,471.47147147147143,4.2142142142142145,49.37237703839814,208.06577310476095
1.5815815815815815,474.47447447447445,4.2092092092092095,49.686850777496225,209.1423498692409
1.5915915915915915,477.47747747747746,4.2042042042042045,50.0013245165943,210.21577874844454
1.6016016016016015,480.4804804804804,4.1991991991991995,50.31579825569238,211.28605974237192
1.6116116116116117,483.4834834834835,4.1941941941941945,50.630271994790455,212.35319285102304
1.6216216216216217,486.4864864864865,4.1891891891891895,50.94474573388854,213.41717807439795
1.6316316316316317,489.48948948948953,4.1841841841841845,51.259219472986615,214.47801541249657
1.6416416416416417,492.49249249249254,4.179179179179179,51.5736932120847,215.5357048653189
1.6516516516516517,495.4954954954955,4.1741741741741745,51.888166951182775,216.59024643286506
1.6616616616616617,498.4984984984985,4.1691691691691695,52.20264069028085,217.6416401151349
1.6716716716716717,501.50150150150154,4.1641641641641645,52.51711442937893,218.6898859121285
1.6816816816816818,504.50450450450455,4.1591591591591595,52.831588168477005,219.73498382384582
1.6916916916916918,507.5075075075075,4.1541541541541545,53.14606190757508,220.7769338502869
1.7017017017017018,510.5105105105105,4.1491491491491495,53.46053564667316,221.8157359914517
1.7117117117117118,513.5135135135135,4.1441441441441444,53.775009385771234,222.85139024734028
1.7217217217217218,516.5165165165165,4.1391391391391394,54.08948312486931,223.88389661795256
1.7317317317317318,519.5195195195196,4.134134134134134,54.403956863967394,224.91325510328863
1.7417417417417418,522.5225225225225,4.1291291291291286,54.71843060306547,225.9394657033484
1.7517517517517518,525.5255255255255,4.124124124124124,55.03290434216354,226.96252841813194
1.7617617617617618,528.5285285285286,4.119119119119119,55.347378081261624,227.98244324763925
1.7717717717717718,531.5315315315315,4.114114114114114,55.6618518203597,228.99921019187025
1.7817817817817818,534.5345345345346,4.109109109109109,55.976325559457784,230.01282925082504
1.7917917917917918,537.5375375375376,4.1041041041041035,56.290799298555854,231.02330042450347
1.8018018018018018,540.5405405405405,4.099099099099099,56.60527303765392,232.03062371290574
1.8118118118118118,543.5435435435436,4.094094094094094,56.919746776752014,233.0347991160318
1.8218218218218218,546.5465465465466,4.089089089089089,57.23422051585008,234.0358266338815
1.8318318318318318,549.5495495495495,4.084084084084084,57.54869425494816,235.03370626645497
1.8418418418418419,552.5525525525526,4.0790790790790785,57.863167994046236,236.02843801375212
1.8518518518518519,555.5555555555555,4.074074074074074,58.17764173314432,237.02002187577318
1.8618618618618619,558.5585585585586,4.069069069069069,58.4921154722424,238.00845785251792
1.8718718718718719,561.5615615615616,4.064064064064064,58.80658921134047,238.9937459439863
1.8818818818818819,564.5645645645645,4.059059059059059,59.12106295043854,239.9758861501785
1.8918918918918919,567.5675675675676,4.0540540540540535,59.43553668953663,240.95487847109442
1.901901901901902,570.5705705705706,4.049049049049049,59.7500104286347,241.93072290673413
1.911911911911912,573.5735735735735,4.044044044044044,60.06448416773277,242.90341945709753
1.921921921921922,576.5765765765766,4.039039039039039,60.378957906830856,243.87296812218472
1.931931931931932,579.5795795795796,4.034034034034034,60.69343164592894,244.83936890199564
1.941941941941942,582.5825825825826,4.0290290290290285,61.007905385027016,245.80262179653025
1.951951951951952,585.5855855855856,4.0240240240240235,61.32237912412509,246.76272680578862
1.961961961961962,588.5885885885886,4.019019019019019,61.63685286322316,247.71968392977078
1.971971971971972,591.5915915915916,4.014014014014014,61.95132660232125,248.6734931684767
1.981981981981982,594.5945945945946,4.009009009009009,62.26580034141932,249.62415452190632
1.991991991991992,597.5975975975975,4.004004004004004,62.58027408051739,250.57166799005964
2.002002002002002,600.6006006006006,3.998998998998999,62.89474781961548,251.51603357293678
2.012012012012012,603.6036036036037,3.993993993993994,63.209221558713566,252.45725127053765
2.022022022022022,606.6066066066066,3.988988988988989,63.523695297811635,253.3953210828622
2.032032032032032,609.6096096096096,3.9839839839839843,63.838169036909704,254.33024300991056
2.042042042042042,612.6126126126127,3.9789789789789785,64.1526427760078,255.26201705168265
2.052052052052052,615.6156156156156,3.973973973973974,64.46711651510587,256.19064320817847
2.062062062062062,618.6186186186187,3.968968968968969,64.78159025420395,257.11612147939803
2.0720720720720722,621.6216216216217,3.963963963963964,65.09606399330202,258.03845186534136
2.0820820820820822,624.6246246246246,3.9589589589589593,65.4105377324001,258.95763436600845
2.0920920920920922,627.6276276276277,3.9539539539539534,65.72501147149818,259.8736689813992
2.1021021021021022,630.6306306306307,3.948948948948949,66.03948521059625,260.78655571151376
2.1121121121121122,633.6336336336336,3.943943943943944,66.35395894969433,261.69629455635203
2.1221221221221223,636.6366366366367,3.938938938938939,66.66843268879241,262.602885515914
2.1321321321321323,639.6396396396397,3.9339339339339343,66.98290642789048,263.5063285901998
2.1421421421421423,642.6426426426427,3.9289289289289284,67.29738016698857,264.4066237792093
2.1521521521521523,645.6456456456457,3.923923923923924,67.61185390608664,265.30377108294255
2.1621621621621623,648.6486486486486,3.918918918918919,67.92632764518471,266.19777050139953
2.1721721721721723,651.6516516516517,3.913913913913914,68.2408013842828,267.08862203458034
2.1821821821821823,654.6546546546547,3.9089089089089093,68.55527512338087,267.9763256824848
2.1921921921921923,657.6576576576576,3.9039039039039034,68.86974886247894,268.86088144511297
2.2022022022022023,660.6606606606607,3.898898898898899,69.18422260157702,269.74228932246496
2.2122122122122123,663.6636636636637,3.893893893893894,69.4986963406751,270.62054931454065
2.2222222222222223,666.6666666666667,3.888888888888889,69.81317007977319,271.4956614213402
2.2322322322322323,669.6696696696697,3.8838838838838843,70.12764381887126,272.3676256428634
2.2422422422422423,672.6726726726727,3.8788788788788784,70.44211755796934,273.2364419791103
2.2522522522522523,675.6756756756757,3.873873873873874,70.75659129706742,274.102110430081
2.2622622622622623,678.6786786786787,3.868868868868869,71.07106503616549,274.9646309957754
2.2722722722722724,681.6816816816817,3.863863863863864,71.38553877526356,275.8240036761935
2.2822822822822824,684.6846846846847,3.8588588588588593,71.70001251436165,276.6802284713355
2.2922922922922924,687.6876876876877,3.8538538538538534,72.01448625345971,277.53330538120105
2.3023023023023024,690.6906906906908,3.848848848848849,72.32895999255781,278.3832344057906
2.3123123123123124,693.6936936936937,3.843843843843844,72.64343373165589,279.2300155451037
2.3223223223223224,696.6966966966967,3.838838838838839,72.95790747075395,280.0736487991405
2.3323323323323324,699.6996996996997,3.8338338338338342,73.27238120985204,280.91413416790124
2.3423423423423424,702.7027027027027,3.8288288288288284,73.5868549489501,281.7514716513855
2.3523523523523524,705.7057057057057,3.823823823823824,73.90132868804818,282.58566124959367
2.3623623623623624,708.7087087087087,3.818818818818819,74.21580242714626,283.4167029625255
2.3723723723723724,711.7117117117117,3.813813813813814,74.53027616624435,284.24459679018116
2.3823823823823824,714.7147147147148,3.8088088088088092,74.84474990534243,285.06934273256053
2.3923923923923924,717.7177177177177,3.8038038038038033,75.1592236444405,285.89094078966355
2.4024024024024024,720.7207207207207,3.798798798798799,75.47369738353858,286.7093909614904
2.4124124124124124,723.7237237237238,3.793793793793794,75.78817112263665,287.524693248041
2.4224224224224224,726.7267267267267,3.7887887887887888,76.10264486173473,288.33684764931525
2.4324324324324325,729.7297297297297,3.783783783783784,76.4171186008328,289.1458541653133
2.4424424424424425,732.7327327327328,3.7787787787787783,76.73159233993088,289.9517127960351
2.4524524524524525,735.7357357357357,3.7737737737737738,77.04606607902896,290.75442354148066
2.4624624624624625,738.7387387387388,3.7687687687687688,77.36053981812705,291.55398640165
2.4724724724724725,741.7417417417417,3.7637637637637638,77.67501355722511,292.35040137654295
2.4824824824824825,744.7447447447447,3.758758758758759,77.98948729632319,293.1436684661598
2.4924924924924925,747.7477477477478,3.7537537537537533,78.30396103542127,293.93378767050024
2.5025025025025025,750.7507507507507,3.7487487487487487,78.61843477451934,294.7207589895645
2.5125125125125125,753.7537537537537,3.7437437437437437,78.93290851361742,295.50458242335253
2.5225225225225225,756.7567567567568,3.7387387387387383,79.2473822527155,296.2852579718642
2.5325325325325325,759.7597597597597,3.733733733733734,79.56185599181359,297.06278563509983
2.5425425425425425,762.7627627627628,3.7287287287287283,79.87632973091166,297.837165413059
2.5525525525525525,765.7657657657658,3.7237237237237237,80.19080347000974,298.60839730574196
2.5625625625625625,768.7687687687687,3.7187187187187187,80.5052772091078,299.37648131314864
2.5725725725725725,771.7717717717718,3.7137137137137133,80.8197509482059,300.1414174352791
2.5825825825825826,774.7747747747748,3.708708708708709,81.13422468730396,300.9032056721333
2.5925925925925926,777.7777777777777,3.7037037037037033,81.44869842640203,301.6618460237112
2.6026026026026026,780.7807807807808,3.6986986986986987,81.76317216550011,302.4173384900129
2.6126126126126126,783.7837837837837,3.6936936936936937,82.0776459045982,303.1696830710384
2.6226226226226226,786.7867867867868,3.6886886886886883,82.39211964369628,303.91887976678754
2.6326326326326326,789.7897897897898,3.683683683683684,82.70659338279435,304.6649285772605
2.6426426426426426,792.7927927927927,3.6786786786786783,83.02106712189243,305.4078295024571
2.6526526526526526,795.7957957957958,3.6736736736736737,83.3355408609905,306.14758254237756
2.6626626626626626,798.7987987987988,3.6686686686686687,83.65001460008858,306.8841876970217
2.6726726726726726,801.8018018018017,3.6636636636636637,83.96448833918664,307.6176449663895
2.6826826826826826,804.8048048048048,3.658658658658659,84.27896207828475,308.3479543504813
2.6926926926926926,807.8078078078078,3.6536536536536532,84.59343581738281,309.07511584929654
2.7027027027027026,810.8108108108108,3.6486486486486487,84.9079095564809,309.7991294628357
2.7127127127127126,813.8138138138138,3.6436436436436437,85.22238329557898,310.5199951910986
2.7227227227227226,816.8168168168168,3.6386386386386387,85.53685703467704,311.2377130340851
2.7327327327327327,819.8198198198198,3.633633633633634,85.85133077377513,311.9522829917956
2.7427427427427427,822.8228228228228,3.6286286286286282,86.1658045128732,312.66370506422953
2.7527527527527527,825.8258258258257,3.623623623623624,86.48027825197127,313.3719792513874
2.7627627627627627,828.8288288288288,3.6186186186186187,86.79475199106936,314.077105553269
2.7727727727727727,831.8318318318318,3.6136136136136137,87.10922573016744,314.7790839698743
2.7827827827827827,834.8348348348349,3.608608608608609,87.42369946926551,315.47791450120343
2.7927927927927927,837.8378378378378,3.603603603603603,87.73817320836359,316.17359714725615
2.8028028028028027,840.8408408408408,3.598598598598599,88.05264694746167,316.8661319080328
2.8128128128128127,843.8438438438438,3.5935935935935936,88.36712068655974,317.55551878353305
2.8228228228228227,846.8468468468468,3.5885885885885886,88.68159442565782,318.24175777375706
2.8328328328328327,849.8498498498498,3.583583583583584,88.99606816475588,318.92484887870484
2.8428428428428427,852.8528528528528,3.578578578578578,89.31054190385399,319.6047920983763
2.8528528528528527,855.8558558558558,3.573573573573574,89.62501564295205,320.28158743277163
2.8628628628628627,858.8588588588589,3.5685685685685686,89.93948938205014,320.95523488189065
2.8728728728728727,861.8618618618618,3.5635635635635636,90.2539631211482,321.6257344457333
2.8828828828828827,864.8648648648648,3.558558558558559,90.56843686024628,322.29308612429986
2.8928928928928928,867.8678678678679,3.553553553553553,90.88291059934436,322.95728991759
2.9029029029029028,870.8708708708708,3.5485485485485486,91.19738433844243,323.618345825604
2.9129129129129128,873.8738738738738,3.5435435435435436,91.51185807754051,324.27625384834175
2.9229229229229228,876.8768768768768,3.538538538538538,91.8263318166386,324.93101398580325
2.932932932932933,879.8798798798798,3.533533533533534,92.14080555573668,325.5826262379885
2.942942942942943,882.8828828828829,3.528528528528528,92.45527929483475,326.23109060489736
2.952952952952953,885.8858858858858,3.5235235235235236,92.76975303393283,326.8764070865301
2.962962962962963,888.8888888888888,3.5185185185185186,93.08422677303089,327.5185756828865
2.972972972972973,891.8918918918919,3.513513513513513,93.39870051212898,328.1575963939667
2.982982982982983,894.8948948948948,3.508508508508509,93.71317425122704,328.7934692197706
2.992992992992993,897.8978978978978,3.503503503503503,94.02764799032512,329.42619416029817
3.003003003003003,900.9009009009009,3.4984984984984986,94.34212172942321,330.05577121554967
3.013013013013013,903.9039039039038,3.4934934934934936,94.65659546852129,330.6822003855248
3.023023023023023,906.9069069069069,3.488488488488488,94.97106920761937,331.3054816702237
3.033033033033033,909.9099099099099,3.483483483483484,95.28554294671744,331.92561506964637
3.043043043043043,912.9129129129128,3.478478478478478,95.60001668581552,332.5426005837927
3.053053053053053,915.9159159159159,3.4734734734734736,95.9144904249136,333.15643821266286
3.063063063063063,918.9189189189188,3.4684684684684686,96.22896416401167,333.76712795625673
3.073073073073073,921.9219219219218,3.4634634634634636,96.54343790310973,334.37466981457425
3.083083083083083,924.9249249249249,3.458458458458459,96.85791164220784,334.97906378761576
3.093093093093093,927.9279279279278,3.453453453453453,97.1723853813059,335.5803098753807
3.103103103103103,930.9309309309309,3.4484484484484486,97.48685912040399,336.1784080778696
3.113113113113113,933.9339339339339,3.4434434434434436,97.80133285950207,336.7733583950822
3.123123123123123,936.9369369369368,3.4384384384384385,98.11580659860013,337.3651608270185
3.133133133133133,939.9399399399399,3.433433433433434,98.43028033769822,337.95381537367865
3.143143143143143,942.9429429429429,3.428428428428428,98.74475407679628,338.5393220350623
3.153153153153153,945.9459459459458,3.423423423423424,99.05922781589437,339.12168081117
3.163163163163163,948.9489489489489,3.4184184184184185,99.37370155499245,339.70089170200123
3.173173173173173,951.9519519519519,3.4134134134134135,99.68817529409053,340.2769547075563
3.183183183183183,954.9549549549549,3.408408408408409,100.0026490331886,340.8498698278351
3.193193193193193,957.9579579579579,3.403403403403403,100.31712277228668,341.4196370628375
3.203203203203203,960.9609609609608,3.398398398398399,100.63159651138476,341.9862564125639
3.2132132132132134,963.963963963964,3.3933933933933935,100.94607025048285,342.5497278770139
3.2232232232232234,966.966966966967,3.388388388388388,101.26054398958091,343.11005145618753
3.2332332332332334,969.9699699699701,3.383383383383383,101.57501772867901,343.6672271500851
3.2432432432432434,972.972972972973,3.378378378378378,101.88949146777708,344.2212549587063
3.2532532532532534,975.975975975976,3.3733733733733735,102.20396520687515,344.7721348820513
3.2632632632632634,978.9789789789791,3.3683683683683685,102.51843894597323,345.31986692012003
3.2732732732732734,981.981981981982,3.363363363363363,102.8329126850713,345.86445107291246
3.2832832832832834,984.9849849849851,3.358358358358358,103.1473864241694,346.4058873404287
3.2932932932932935,987.987987987988,3.353353353353353,103.46186016326746,346.9441757226686
3.3033033033033035,990.990990990991,3.3483483483483485,103.77633390236555,347.47931621963244
3.3133133133133135,993.9939939939941,3.3433433433433435,104.09080764146363,348.01130883131987
3.3233233233233235,996.996996996997,3.338338338338338,104.4052813805617,348.540153557731
3.3333333333333335,1000.0,3.333333333333334,104.71975511965977,349.06585039886596
3.3433433433433435,1003.0030030030031,3.328328328328328,105.03422885875786,349.5883993547246
3.3533533533533535,1006.006006006006,3.3233233233233235,105.34870259785592,350.10780042530695
3.3633633633633635,1009.0090090090091,3.3183183183183185,105.66317633695401,350.62405361061315
3.3733733733733735,1012.0120120120121,3.313313313313313,105.97765007605209,351.137158910643
3.3833833833833835,1015.015015015015,3.308308308308309,106.29212381515016,351.6471163253967
3.3933933933933935,1018.0180180180181,3.303303303303303,106.60659755424825,352.1539258548741
3.4034034034034035,1021.021021021021,3.2982982982982985,106.92107129334632,352.6575874990752
3.4134134134134135,1024.0240240240241,3.2932932932932935,107.2355450324444,353.1581012580001
3.4234234234234235,1027.027027027027,3.288288288288288,107.55001877154247,353.6554671316486
3.4334334334334335,1030.03003003003,3.283283283283283,107.86449251064055,354.149685120021
3.4434434434434436,1033.033033033033,3.278278278278278,108.17896624973862,354.6407552231171
3.4534534534534536,1036.036036036036,3.2732732732732734,108.49343998883668,355.12867744093694
3.4634634634634636,1039.0390390390392,3.2682682682682684,108.80791372793479,355.61345177348056
3.4734734734734736,1042.042042042042,3.263263263263263,109.12238746703287,356.09507822074784
3.4834834834834836,1045.045045045045,3.258258258258258,109.43686120613094,356.57355678273893
3.4934934934934936,1048.048048048048,3.253253253253253,109.751334945229,357.0488874594537
3.5035035035035036,1051.051051051051,3.2482482482482484,110.06580868432708,357.5210702508923
3.5135135135135136,1054.0540540540542,3.2432432432432434,110.38028242342517,357.99010515705464
3.5235235235235236,1057.0570570570571,3.238238238238238,110.69475616252325,358.45599217794063
3.5335335335335336,1060.06006006006,3.233233233233233,111.00922990162131,358.9187313135504
3.5435435435435436,1063.063063063063,3.228228228228228,111.3237036407194,359.3783225638839
3.5535535535535536,1066.066066066066,3.2232232232232234,111.63817737981748,359.83476592894124
3.5635635635635636,1069.0690690690692,3.2182182182182184,111.95265111891557,360.2880614087223
3.5735735735735736,1072.0720720720722,3.213213213213213,112.26712485801363,360.7382090032269
3.5835835835835836,1075.0750750750751,3.208208208208208,112.58159859711171,361.18520871245545
3.5935935935935936,1078.078078078078,3.203203203203203,112.89607233620978,361.6290605364077
3.6036036036036037,1081.081081081081,3.1981981981981984,113.21054607530785,362.0697644750837
3.6136136136136137,1084.084084084084,3.1931931931931934,113.52501981440592,362.5073205284834
3.6236236236236237,1087.0870870870872,3.188188188188188,113.83949355350403,362.9417286966069
3.6336336336336337,1090.0900900900901,3.183183183183183,114.1539672926021,363.37298897945414
3.6436436436436437,1093.093093093093,3.178178178178178,114.46844103170017,363.801101377025
3.6536536536536537,1096.096096096096,3.1731731731731734,114.78291477079824,364.2260658893198
3.6636636636636637,1099.099099099099,3.1681681681681684,115.09738850989632,364.6478825163382
3.6736736736736737,1102.1021021021022,3.163163163163163,115.41186224899441,365.0665512580804
3.6836836836836837,1105.1051051051052,3.158158158158158,115.72633598809247,365.48207211454627
3.6936936936936937,1108.1081081081081,3.153153153153153,116.04080972719056,365.894445085736
3.7037037037037037,1111.111111111111,3.1481481481481484,116.35528346628864,366.30367017164946
3.7137137137137137,1114.114114114114,3.1431431431431434,116.6697572053867,366.70974737228653
3.7237237237237237,1117.1171171171172,3.138138138138138,116.9842309444848,367.1126766876475
3.7337337337337337,1120.1201201201202,3.133133133133133,117.29870468358287,367.5124581177321
3.7437437437437437,1123.1231231231232,3.128128128128128,117.61317842268095,367.90909166254045
3.7537537537537538,1126.126126126126,3.1231231231231233,117.92765216177901,368.3025773220726
3.7637637637637638,1129.129129129129,3.1181181181181183,118.24212590087708,368.6929150963285
3.7737737737737738,1132.132132132132,3.113113113113113,118.55659963997518,369.0801049853081
3.7837837837837838,1135.1351351351352,3.108108108108108,118.87107337907327,369.46414698901145
3.793793793793794,1138.1381381381382,3.103103103103103,119.18554711817134,369.8450411074386
3.803803803803804,1141.1411411411411,3.0980980980980983,119.5000208572694,370.22278734058943
3.813813813813814,1144.144144144144,3.0930930930930933,119.81449459636748,370.597385688464
3.823823823823824,1147.147147147147,3.088088088088088,120.12896833546554,370.96883615106225
3.833833833833834,1150.1501501501502,3.083083083083083,120.44344207456365,371.3371387283844
3.843843843843844,1153.1531531531532,3.078078078078078,120.75791581366171,371.7022934204302
3.853853853853854,1156.1561561561562,3.0730730730730733,121.0723895527598,372.0643002271998
3.863863863863864,1159.1591591591591,3.0680680680680683,121.38686329185788,372.4231591486931
3.873873873873874,1162.162162162162,3.063063063063063,121.70133703095594,372.7788701849101
3.883883883883884,1165.1651651651653,3.058058058058058,122.01581077005403,373.1314333358509
3.893893893893894,1168.1681681681682,3.053053053053053,122.33028450915211,373.48084860151545
3.903903903903904,1171.1711711711712,3.048048048048048,122.64475824825018,373.8271159819037
3.913913913913914,1174.1741741741741,3.0430430430430433,122.95923198734825,374.1702354770157
3.923923923923924,1177.177177177177,3.038038038038038,123.27370572644632,374.51020708685144
3.933933933933934,1180.18018018018,3.0330330330330337,123.58817946554441,374.84703081141106
3.943943943943944,1183.1831831831832,3.028028028028028,123.9026532046425,375.1807066506942
3.953953953953954,1186.1861861861862,3.023023023023023,124.21712694374057,375.5112346047012
3.963963963963964,1189.1891891891892,3.0180180180180183,124.53160068283864,375.83861467343195
3.973973973973974,1192.1921921921921,3.013013013013013,124.84607442193672,376.1628468568864
3.983983983983984,1195.195195195195,3.0080080080080087,125.16054816103478,376.4839311550647
3.993993993993994,1198.1981981981983,3.003003003003003,125.47502190013287,376.80186756796655
4.004004004004004,1201.2012012012012,2.997997997997998,125.78949563923096,377.1166560955923
4.014014014014014,1204.2042042042044,2.992992992992993,126.10396937832905,377.4282967379418
4.024024024024024,1207.2072072072074,2.987987987987988,126.41844311742713,377.736789495015
4.034034034034034,1210.2102102102103,2.9829829829829824,126.73291685652521,378.04213436681187
4.044044044044044,1213.2132132132133,2.977977977977978,127.04739059562327,378.34433135333256
4.054054054054054,1216.2162162162163,2.972972972972973,127.36186433472135,378.64338045457697
4.064064064064064,1219.2192192192192,2.9679679679679682,127.67633807381941,378.93928167054514
4.074074074074074,1222.2222222222224,2.962962962962963,127.99081181291753,379.2320350012371
4.084084084084084,1225.2252252252254,2.9579579579579574,128.3052855520156,379.52164044665267
4.094094094094094,1228.2282282282283,2.952952952952953,128.61975929111367,379.8080980067921
4.104104104104104,1231.2312312312313,2.947947947947948,128.93423303021174,380.0914076816552
4.114114114114114,1234.2342342342342,2.9429429429429432,129.2487067693098,380.3715694712421
4.124124124124124,1237.2372372372374,2.937937937937938,129.5631805084079,380.64858337555273
4.134134134134134,1240.2402402402404,2.9329329329329323,129.87765424750597,380.92244939458703
4.1441441441441444,1243.2432432432433,2.9279279279279278,130.19212798660405,381.19316752834516
4.1541541541541545,1246.2462462462463,2.9229229229229228,130.50660172570213,381.460737776827
4.1641641641641645,1249.2492492492493,2.917917917917918,130.8210754648002,381.72516014003264
4.1741741741741745,1252.2522522522524,2.9129129129129128,131.13554920389828,381.98643461796195
4.1841841841841845,1255.2552552552554,2.9079079079079073,131.45002294299636,382.24456121061496
4.1941941941941945,1258.2582582582584,2.9029029029029028,131.76449668209443,382.49953991799185
4.2042042042042045,1261.2612612612613,2.8978978978978978,132.0789704211925,382.7513707400924
4.2142142142142145,1264.2642642642643,2.892892892892893,132.39344416029058,383.00005367691676
4.2242242242242245,1267.2672672672672,2.8878878878878878,132.70791789938866,383.2455887284647
4.2342342342342345,1270.2702702702704,2.8828828828828823,133.02239163848674,383.48797589473645
4.2442442442442445,1273.2732732732734,2.8778778778778777,133.33686537758481,383.72721517573206
4.2542542542542545,1276.2762762762763,2.8728728728728727,133.6513391166829,383.9633065714513
4.2642642642642645,1279.2792792792793,2.867867867867868,133.96581285578097,384.1962500818944
4.2742742742742745,1282.2822822822823,2.8628628628628627,134.28028659487904,384.4260457070611
4.2842842842842845,1285.2852852852855,2.8578578578578573,134.59476033397715,384.6526934469516
4.2942942942942945,1288.2882882882884,2.8528528528528527,134.90923407307523,384.87619330156593
4.3043043043043046,1291.2912912912914,2.8478478478478477,135.22370781217327,385.09654527090385
4.314314314314315,1294.2942942942943,2.842842842842843,135.53818155127135,385.31374935496564
4.324324324324325,1297.2972972972973,2.8378378378378377,135.85265529036943,385.5278055537511
4.334334334334335,1300.3003003003005,2.8328328328328323,136.16712902946753,385.7387138672603
4.344344344344345,1303.3033033033034,2.8278278278278277,136.4816027685656,385.9464742954933
4.354354354354355,1306.3063063063064,2.8228228228228227,136.79607650766368,386.15108683845
4.364364364364365,1309.3093093093094,2.817817817817818,137.11055024676173,386.35255149613045
4.374374374374375,1312.3123123123123,2.8128128128128127,137.4250239858598,386.5508682685346
4.384384384384385,1315.3153153153153,2.8078078078078077,137.7394977249579,386.7460371556625
4.394394394394395,1318.3183183183185,2.8028028028028027,138.053971464056,386.93805815751426
4.404404404404405,1321.3213213213214,2.7977977977977977,138.36844520315404,387.1269312740896
4.414414414414415,1324.3243243243244,2.7927927927927927,138.68291894225212,387.31265650538876
4.424424424424425,1327.3273273273273,2.7877877877877877,138.9973926813502,387.4952338514117
4.434434434434435,1330.3303303303303,2.7827827827827827,139.3118664204483,387.67466331215843
4.444444444444445,1333.3333333333335,2.7777777777777777,139.62634015954637,387.8509448876288
4.454454454454455,1336.3363363363364,2.7727727727727727,139.94081389864445,388.02407857782293
4.464464464464465,1339.3393393393394,2.7677677677677677,140.25528763774253,388.1940643827408
4.474474474474475,1342.3423423423424,2.7627627627627627,140.5697613768406,388.36090230238244
4.484484484484485,1345.3453453453453,2.7577577577577577,140.88423511593868,388.5245923367478
4.494494494494495,1348.3483483483485,2.7527527527527527,141.19870885503676,388.6851344858369
4.504504504504505,1351.3513513513515,2.7477477477477477,141.51318259413483,388.8425287496498
4.514514514514515,1354.3543543543544,2.7427427427427427,141.8276563332329,388.99677512818636
4.524524524524525,1357.3573573573574,2.7377377377377377,142.14213007233099,389.1478736214467
4.534534534534535,1360.3603603603603,2.7327327327327327,142.45660381142906,389.29582422943076
4.544544544544545,1363.3633633633633,2.7277277277277276,142.7710775505271,389.44062695213853
4.554554554554555,1366.3663663663665,2.7227227227227226,143.08555128962522,389.5822817895701
4.564564564564565,1369.3693693693695,2.7177177177177176,143.4000250287233,389.72078874172547
4.574574574574575,1372.3723723723724,2.7127127127127126,143.71449876782137,389.8561478086045
4.584584584584585,1375.3753753753754,2.7077077077077076,144.02897250691942,389.98835899020725
4.594594594594595,1378.3783783783783,2.7027027027027026,144.34344624601752,390.11742228653384
4.604604604604605,1381.3813813813815,2.6976976976976976,144.65791998511563,390.2433376975842
4.614614614614615,1384.3843843843845,2.6926926926926926,144.9723937242137,390.3661052233582
4.624624624624625,1387.3873873873874,2.6876876876876876,145.28686746331178,390.485724863856
4.634634634634635,1390.3903903903904,2.6826826826826826,145.60134120240983,390.6021966190774
4.644644644644645,1393.3933933933934,2.6776776776776776,145.9158149415079,390.71552048902265
4.654654654654655,1396.3963963963965,2.6726726726726726,146.230288680606,390.8256964736917
4.664664664664665,1399.3993993993995,2.6676676676676676,146.54476241970409,390.93272457308444
4.674674674674675,1402.4024024024025,2.6626626626626626,146.85923615880213,391.0366047872009
4.684684684684685,1405.4054054054054,2.6576576576576576,147.1737098979002,391.13733711604107
4.694694694694695,1408.4084084084084,2.6526526526526526,147.4881836369983,391.2349215596051
4.704704704704705,1411.4114114114113,2.6476476476476476,147.80265737609636,391.32935811789275
4.714714714714715,1414.4144144144145,2.6426426426426426,148.11713111519444,391.42064679090424
4.724724724724725,1417.4174174174175,2.6376376376376376,148.43160485429252,391.5087875786394
4.734734734734735,1420.4204204204204,2.6326326326326326,148.7460785933906,391.59378048109835
4.744744744744745,1423.4234234234234,2.6276276276276276,149.0605523324887,391.6756254982811
4.754754754754755,1426.4264264264264,2.6226226226226226,149.37502607158677,391.7543226301875
4.764764764764765,1429.4294294294295,2.6176176176176176,149.68949981068485,391.8298718768177
4.774774774774775,1432.4324324324325,2.6126126126126126,150.00397354978293,391.90227323817163
4.784784784784785,1435.4354354354355,2.6076076076076076,150.318447288881,391.97152671424925
4.794794794794795,1438.4384384384384,2.6026026026026026,150.63292102797908,392.03763230505064
4.804804804804805,1441.4414414414414,2.5975975975975976,150.94739476707716,392.1005900105758
4.814814814814815,1444.4444444444446,2.5925925925925926,151.26186850617523,392.1603998308247
4.824824824824825,1447.4474474474475,2.5875875875875876,151.5763422452733,392.2170617657973
4.834834834834835,1450.4504504504505,2.582582582582582,151.8908159843714,392.2705758154936
4.844844844844845,1453.4534534534534,2.5775775775775776,152.20528972346946,392.32094197991375
4.854854854854855,1456.4564564564564,2.5725725725725725,152.5197634625675,392.36816025905756
4.864864864864865,1459.4594594594594,2.567567567567568,152.8342372016656,392.41223065292525
4.874874874874875,1462.4624624624626,2.5625625625625625,153.1487109407637,392.4531531615166
4.884884884884885,1465.4654654654655,2.557557557557557,153.46318467986177,392.49092778483157
4.894894894894895,1468.4684684684685,2.5525525525525525,153.77765841895982,392.5255545228704
4.904904904904905,1471.4714714714714,2.5475475475475475,154.09213215805792,392.55703337563307
4.914914914914915,1474.4744744744744,2.542542542542543,154.406605897156,392.5853643431194
4.924924924924925,1477.4774774774776,2.5375375375375375,154.7210796362541,392.61054742532946
4.934934934934935,1480.4804804804805,2.532532532532532,155.03555337535215,392.63258262226316
4.944944944944945,1483.4834834834835,2.5275275275275275,155.35002711445023,392.65146993392074
4.954954954954955,1486.4864864864865,2.5225225225225225,155.6645008535483,392.667209360302
4.964964964964965,1489.4894894894894,2.517517517517518,155.97897459264638,392.67980090140713
4.974974974974975,1492.4924924924926,2.5125125125125125,156.2934483317445,392.6892445572359
4.984984984984985,1495.4954954954956,2.507507507507507,156.60792207084253,392.69554032778825
4.994994994994995,1498.4984984984985,2.5025025025025025,156.9223958099406,392.6986882130646
5.005005005005005,1501.5015015015015,2.4974974974974975,157.2368695490387,392.6986882130646
5.015015015015015,1504.5045045045044,2.4924924924924925,157.55134328813676,392.6955403277883
5.025025025025025,1507.5075075075074,2.4874874874874875,157.86581702723484,392.68924455723584
5.035035035035035,1510.5105105105106,2.4824824824824825,158.18029076633292,392.679800901407
5.045045045045045,1513.5135135135135,2.477477477477477,158.494764505431,392.66720936030197
5.055055055055055,1516.5165165165165,2.4724724724724725,158.8092382445291,392.6514699339208
5.065065065065065,1519.5195195195195,2.4674674674674675,159.12371198362717,392.63258262226327
5.075075075075075,1522.5225225225224,2.4624624624624625,159.43818572272522,392.6105474253294
5.085085085085085,1525.5255255255256,2.4574574574574575,159.75265946182333,392.5853643431194
5.095095095095095,1528.5285285285286,2.452452452452452,160.0671332009214,392.557033375633
5.105105105105105,1531.5315315315315,2.4474474474474475,160.38160694001948,392.5255545228705
5.115115115115115,1534.5345345345345,2.4424424424424425,160.69608067911756,392.4909277848317
5.125125125125125,1537.5375375375374,2.4374374374374375,161.0105544182156,392.4531531615165
5.135135135135135,1540.5405405405406,2.432432432432432,161.3250281573137,392.4122306529252
5.145145145145145,1543.5435435435436,2.427427427427427,161.6395018964118,392.36816025905756
5.155155155155155,1546.5465465465466,2.4224224224224224,161.95397563550986,392.3209419799138
5.165165165165165,1549.5495495495495,2.4174174174174174,162.2684493746079,392.2705758154936
5.175175175175175,1552.5525525525525,2.4124124124124124,162.582923113706,392.2170617657972
5.185185185185185,1555.5555555555554,2.4074074074074074,162.89739685280406,392.1603998308246
5.195195195195195,1558.5585585585586,2.402402402402402,163.21187059190217,392.10059001057573
5.205205205205205,1561.5615615615616,2.3973973973973974,163.52634433100022,392.0376323050506
5.215215215215215,1564.5645645645645,2.3923923923923924,163.84081807009832,391.97152671424925
5.225225225225225,1567.5675675675675,2.3873873873873874,164.1552918091964,391.9022732381716
5.235235235235235,1570.5705705705705,2.3823823823823824,164.46976554829448,391.82987187681766
5.245245245245245,1573.5735735735736,2.377377377377377,164.78423928739255,391.75432263018746
5.255255255255255,1576.5765765765766,2.3723723723723724,165.09871302649063,391.6756254982811
5.265265265265265,1579.5795795795796,2.3673673673673674,165.4131867655887,391.5937804810984
5.275275275275275,1582.5825825825825,2.3623623623623624,165.72766050468678,391.50878757863944
5.285285285285285,1585.5855855855855,2.3573573573573574,166.04213424378486,391.42064679090424
5.295295295295295,1588.5885885885887,2.352352352352352,166.35660798288293,391.3293581178927
5.305305305305305,1591.5915915915916,2.3473473473473474,166.671081721981,391.2349215596051
5.315315315315315,1594.5945945945946,2.3423423423423424,166.9855554610791,391.1373371160411
5.325325325325325,1597.5975975975975,2.3373373373373374,167.30002920017716,391.0366047872009
5.335335335335335,1600.6006006006005,2.3323323323323324,167.61450293927524,390.9327245730844
5.345345345345345,1603.6036036036035,2.3273273273273274,167.9289766783733,390.8256964736916
5.355355355355355,1606.6066066066066,2.3223223223223224,168.2434504174714,390.71552048902265
5.365365365365365,1609.6096096096096,2.3173173173173174,168.5579241565695,390.60219661907746
5.375375375375375,1612.6126126126126,2.3123123123123124,168.87239789566758,390.485724863856
5.385385385385385,1615.6156156156155,2.3073073073073074,169.18687163476562,390.36610522335815
5.395395395395395,1618.6186186186185,2.3023023023023024,169.5013453738637,390.2433376975841
5.405405405405405,1621.6216216216217,2.2972972972972974,169.8158191129618,390.1174222865339
5.415415415415415,1624.6246246246246,2.2922922922922924,170.13029285205988,389.98835899020736
5.425425425425425,1627.6276276276276,2.2872872872872874,170.44476659115796,389.85614780860453
5.435435435435435,1630.6306306306305,2.2822822822822824,170.759240330256,389.7207887417254
5.445445445445445,1633.6336336336335,2.2772772772772774,171.07371406935408,389.5822817895701
5.455455455455455,1636.6366366366367,2.2722722722722724,171.3881878084522,389.44062695213864
5.465465465465465,1639.6396396396397,2.2672672672672673,171.70266154755026,389.2958242294308
5.475475475475475,1642.6426426426426,2.2622622622622623,172.0171352866483,389.14787362144665
5.485485485485485,1645.6456456456456,2.2572572572572573,172.3316090257464,388.9967751281863
5.495495495495495,1648.6486486486485,2.2522522522522523,172.64608276484446,388.8425287496497
5.505505505505505,1651.6516516516515,2.247247247247248,172.96055650394254,388.68513448583695
5.515515515515515,1654.6546546546547,2.2422422422422423,173.27503024304062,388.52459233674773
5.525525525525525,1657.6576576576576,2.2372372372372373,173.58950398213872,388.36090230238244
5.535535535535535,1660.6606606606606,2.2322322322322323,173.9039777212368,388.1940643827408
5.545545545545545,1663.6636636636636,2.2272272272272273,174.21845146033488,388.02407857782293
5.555555555555555,1666.6666666666665,2.2222222222222228,174.53292519943295,387.8509448876289
5.565565565565565,1669.6696696696697,2.2172172172172173,174.84739893853103,387.67466331215843
5.575575575575575,1672.6726726726727,2.2122122122122123,175.1618726776291,387.49523385141174
5.585585585585585,1675.6756756756756,2.2072072072072073,175.47634641672718,387.3126565053888
5.595595595595595,1678.6786786786786,2.2022022022022023,175.79082015582526,387.12693127408966
5.605605605605605,1681.6816816816815,2.1971971971971977,176.10529389492334,386.9380581575143
5.615615615615615,1684.6846846846847,2.1921921921921923,176.4197676340214,386.7460371556626
5.625625625625625,1687.6876876876877,2.1871871871871873,176.7342413731195,386.55086826853466
5.635635635635635,1690.6906906906906,2.1821821821821823,177.04871511221756,386.35255149613045
5.645645645645645,1693.6936936936936,2.1771771771771773,177.36318885131564,386.15108683845
5.655655655655655,1696.6966966966966,2.1721721721721727,177.6776625904137,385.9464742954933
5.665665665665665,1699.6996996996995,2.1671671671671677,177.99213632951177,385.73871386726034
5.675675675675675,1702.7027027027027,2.1621621621621623,178.3066100686099,385.52780555375114
5.685685685685685,1705.7057057057057,2.1571571571571573,178.62108380770798,385.3137493549657
5.6956956956956954,1708.7087087087086,2.1521521521521523,178.93555754680602,385.0965452709039
5.7057057057057055,1711.7117117117116,2.1471471471471477,179.2500312859041,384.876193301566
5.7157157157157155,1714.7147147147145,2.1421421421421423,179.56450502500218,384.6526934469516
5.7257257257257255,1717.7177177177177,2.1371371371371373,179.87897876410028,384.4260457070612
5.7357357357357355,1720.7207207207207,2.1321321321321323,180.19345250319833,384.19625008189433
5.7457457457457455,1723.7237237237237,2.1271271271271273,180.5079262422964,383.9633065714513
5.7557557557557555,1726.7267267267266,2.1221221221221227,180.82239998139448,383.7272151757321
5.7657657657657655,1729.7297297297296,2.1171171171171173,181.13687372049256,383.4879758947365
5.7757757757757755,1732.7327327327328,2.1121121121121122,181.45134745959066,383.2455887284648
5.7857857857857855,1735.7357357357357,2.1071071071071072,181.7658211986887,383.0000536769167
5.7957957957957955,1738.7387387387387,2.1021021021021022,182.0802949377868,382.7513707400924
5.8058058058058055,1741.7417417417416,2.0970970970970972,182.39476867688487,382.4995399179918
5.8158158158158155,1744.7447447447446,2.0920920920920922,182.70924241598294,382.244561210615
5.8258258258258255,1747.7477477477476,2.0870870870870872,183.02371615508102,381.9864346179619
5.8358358358358355,1750.7507507507507,2.0820820820820822,183.33818989417912,381.72516014003264
5.8458458458458455,1753.7537537537537,2.077077077077077,183.6526636332772,381.460737776827
5.8558558558558556,1756.7567567567567,2.0720720720720722,183.96713737237528,381.1931675283452
5.865865865865866,1759.7597597597596,2.067067067067067,184.28161111147335,380.9224493945871
5.875875875875876,1762.7627627627626,2.062062062062062,184.5960848505714,380.6485833755527
5.885885885885886,1765.7657657657658,2.057057057057057,184.9105585896695,380.3715694712421
5.895895895895896,1768.7687687687687,2.0520520520520518,185.22503232876758,380.09140768165514
5.905905905905906,1771.7717717717717,2.047047047047047,185.53950606786566,379.8080980067921
5.915915915915916,1774.7747747747746,2.042042042042042,185.85397980696374,379.5216404466527
5.925925925925926,1777.7777777777776,2.037037037037037,186.16845354606178,379.232035001237
5.935935935935936,1780.7807807807808,2.0320320320320318,186.4829272851599,378.9392816705451
5.945945945945946,1783.7837837837837,2.0270270270270268,186.79740102425797,378.6433804545769
5.955955955955956,1786.7867867867867,2.022022022022022,187.11187476335604,378.34433135333256
5.965965965965966,1789.7897897897897,2.017017017017017,187.4263485024541,378.0421343668118
5.975975975975976,1792.7927927927926,2.012012012012012,187.74082224155217,377.7367894950149
5.985985985985986,1795.7957957957956,2.007007007007007,188.05529598065024,377.4282967379417
5.995995995995996,1798.7987987987988,2.0020020020020017,188.36976971974838,377.1166560955923
6.006006006006006,1801.8018018018017,1.996996996996997,188.68424345884642,376.80186756796655
6.016016016016016,1804.8048048048047,1.9919919919919922,188.9987171979445,376.4839311550647
6.026026026026026,1807.8078078078076,1.9869869869869872,189.31319093704258,376.16284685688646
6.036036036036036,1810.8108108108106,1.9819819819819822,189.62766467614065,375.83861467343195
6.046046046046046,1813.8138138138138,1.9769769769769767,189.94213841523873,375.51123460470114
6.056056056056056,1816.8168168168168,1.971971971971972,190.2566121543368,375.1807066506942
6.066066066066066,1819.8198198198197,1.9669669669669672,190.57108589343488,374.847030811411
6.076076076076076,1822.8228228228227,1.9619619619619622,190.88555963253296,374.5102070868515
6.086086086086086,1825.8258258258256,1.9569569569569571,191.20003337163104,374.17023547701575
6.096096096096096,1828.8288288288288,1.9519519519519517,191.5145071107291,373.8271159819036
6.106106106106106,1831.8318318318318,1.946946946946947,191.8289808498272,373.4808486015154
6.116116116116116,1834.8348348348347,1.9419419419419421,192.14345458892527,373.1314333358509
6.126126126126126,1837.8378378378377,1.9369369369369371,192.45792832802334,372.7788701849101
6.136136136136136,1840.8408408408407,1.9319319319319321,192.77240206712142,372.42315914869306
6.146146146146146,1843.8438438438436,1.9269269269269274,193.08687580621947,372.06430022719974
6.156156156156156,1846.8468468468468,1.921921921921922,193.4013495453176,371.70229342043024
6.166166166166166,1849.8498498498498,1.9169169169169171,193.71582328441568,371.33713872838445
6.176176176176176,1852.8528528528527,1.9119119119119121,194.03029702351375,370.96883615106236
6.186186186186186,1855.8558558558557,1.9069069069069071,194.3447707626118,370.597385688464
6.196196196196196,1858.8588588588586,1.9019019019019023,194.65924450170988,370.22278734058943
6.206206206206206,1861.8618618618618,1.896896896896897,194.97371824080798,369.8450411074386
6.216216216216216,1864.8648648648648,1.891891891891892,195.28819197990606,369.4641469890115
6.226226226226226,1867.8678678678677,1.886886886886887,195.60266571900414,369.08010498530814
6.236236236236236,1870.8708708708707,1.881881881881882,195.91713945810218,368.6929150963285
6.246246246246246,1873.8738738738737,1.8768768768768773,196.23161319720026,368.30257732207264
6.256256256256256,1876.8768768768768,1.8718718718718719,196.54608693629837,367.9090916625405
6.266266266266266,1879.8798798798798,1.866866866866867,196.86056067539644,367.51245811773214
6.276276276276276,1882.8828828828828,1.861861861861862,197.1750344144945,367.1126766876474
6.286286286286286,1885.8858858858857,1.856856856856857,197.48950815359257,366.70974737228653
6.296296296296296,1888.8888888888887,1.8518518518518523,197.80398189269064,366.3036701716494
6.306306306306306,1891.8918918918916,1.8468468468468475,198.11845563178875,365.8944450857361
6.316316316316316,1894.8948948948948,1.841841841841842,198.43292937088682,365.4820721145463
6.326326326326326,1897.8978978978978,1.836836836836837,198.7474031099849,365.06655125808044
6.336336336336336,1900.9009009009008,1.831831831831832,199.06187684908298,364.64788251633826
6.346346346346346,1903.9039039039037,1.8268268268268273,199.37635058818105,364.22606588931984
6.356356356356356,1906.9069069069067,1.8218218218218225,199.69082432727913,363.8011013770252
6.366366366366366,1909.9099099099099,1.816816816816817,200.0052980663772,363.37298897945414
6.376376376376376,1912.9129129129128,1.811811811811812,200.31977180547528,362.9417286966069
6.386386386386386,1915.9159159159158,1.806806806806807,200.63424554457336,362.50732052848343
6.396396396396396,1918.9189189189187,1.8018018018018023,200.94871928367144,362.0697644750838
6.406406406406406,1921.9219219219217,1.7967967967967975,201.2631930227695,361.62906053640785
6.416416416416417,1924.924924924925,1.7917917917917914,201.57766676186762,361.1852087124554
6.426426426426427,1927.927927927928,1.7867867867867866,201.8921405009657,360.7382090032269
6.436436436436437,1930.930930930931,1.7817817817817816,202.20661424006377,360.28806140872217
6.446446446446447,1933.933933933934,1.7767767767767766,202.52108797916182,359.8347659289411
6.456456456456457,1936.936936936937,1.7717717717717718,202.83556171825992,359.37832256388396
6.466466466466467,1939.9399399399401,1.7667667667667664,203.15003545735803,358.9187313135504
6.476476476476477,1942.942942942943,1.7617617617617616,203.4645091964561,358.45599217794063
6.486486486486487,1945.945945945946,1.7567567567567566,203.77898293555415,357.9901051570546
6.496496496496497,1948.948948948949,1.7517517517517516,204.09345667465223,357.52107025089225
6.506506506506507,1951.951951951952,1.7467467467467468,204.4079304137503,357.04888745945374
6.516516516516517,1954.9549549549552,1.7417417417417413,204.7224041528484,356.5735567827389
6.526526526526527,1957.9579579579581,1.7367367367367366,205.03687789194646,356.09507822074784
6.536536536536537,1960.960960960961,1.7317317317317316,205.35135163104454,355.6134517734805
6.546546546546547,1963.963963963964,1.7267267267267266,205.6658253701426,355.1286774409369
6.556556556556557,1966.966966966967,1.7217217217217218,205.9802991092407,354.64075522311714
6.566566566566567,1969.9699699699702,1.7167167167167163,206.2947728483388,354.149685120021
6.576576576576577,1972.9729729729731,1.7117117117117115,206.60924658743684,353.6554671316486
6.586586586586587,1975.975975975976,1.7067067067067065,206.92372032653492,353.158101258
6.596596596596597,1978.978978978979,1.7017017017017015,207.238194065633,352.65758749907513
6.606606606606607,1981.981981981982,1.6966966966966968,207.5526678047311,352.1539258548741
6.616616616616617,1984.984984984985,1.691691691691692,207.86714154382918,351.6471163253968
6.626626626626627,1987.9879879879882,1.6866866866866865,208.18161528292725,351.13715891064305
6.636636636636637,1990.9909909909911,1.6816816816816815,208.49608902202533,350.62405361061315
6.646646646646647,1993.993993993994,1.6766766766766765,208.8105627611234,350.107800425307
6.656656656656657,1996.996996996997,1.6716716716716717,209.12503650022148,349.58839935472463
6.666666666666667,2000.0,1.666666666666667,209.43951023931953,349.06585039886596
6.676676676676677,2003.0030030030032,1.6616616616616615,209.75398397841764,348.540153557731
6.686686686686687,2006.0060060060061,1.6566566566566565,210.0684577175157,348.0113088313198
6.696696696696697,2009.009009009009,1.6516516516516515,210.3829314566138,347.4793162196324
6.706706706706707,2012.012012012012,1.6466466466466467,210.69740519571184,346.94417572266866
6.716716716716717,2015.015015015015,1.641641641641642,211.0118789348099,346.40588734042876
6.726726726726727,2018.0180180180182,1.6366366366366365,211.32635267390802,345.8644510729125
6.736736736736737,2021.0210210210212,1.6316316316316315,211.6408264130061,345.31986692012003
6.746746746746747,2024.0240240240241,1.6266266266266265,211.95530015210417,344.7721348820513
6.756756756756757,2027.027027027027,1.6216216216216217,212.26977389120222,344.2212549587063
6.766766766766767,2030.03003003003,1.616616616616617,212.58424763030033,343.6672271500852
6.776776776776777,2033.033033033033,1.611611611611612,212.8987213693984,343.1100514561877
6.786786786786787,2036.0360360360362,1.6066066066066065,213.2131951084965,342.5497278770139
6.796796796796797,2039.0390390390392,1.6016016016016015,213.52766884759455,341.9862564125638
6.806806806806807,2042.042042042042,1.5965965965965967,213.84214258669263,341.4196370628376
6.816816816816817,2045.045045045045,1.591591591591592,214.1566163257907,340.8498698278351
6.826826826826827,2048.0480480480483,1.5865865865865865,214.4710900648888,340.2769547075563
6.836836836836837,2051.051051051051,1.5815815815815815,214.78556380398686,339.70089170200123
6.846846846846847,2054.054054054054,1.5765765765765765,215.10003754308494,339.12168081116994
6.856856856856857,2057.057057057057,1.5715715715715717,215.414511282183,338.5393220350624
6.866866866866867,2060.06006006006,1.5665665665665662,215.7289850212811,337.95381537367854
6.876876876876877,2063.063063063063,1.5615615615615615,216.04345876037917,337.3651608270185
6.886886886886887,2066.066066066066,1.5565565565565564,216.35793249947724,336.7733583950822
6.896896896896897,2069.069069069069,1.5515515515515514,216.6724062385753,336.17840807786956
6.906906906906907,2072.072072072072,1.5465465465465467,216.98687997767337,335.58030987538075
6.916916916916917,2075.0750750750753,1.5415415415415412,217.30135371677153,334.9790637876157
6.926926926926927,2078.0780780780783,1.5365365365365364,217.61582745586958,334.37466981457436
6.936936936936937,2081.0810810810813,1.5315315315315314,217.93030119496765,333.76712795625673
6.946946946946947,2084.084084084084,1.5265265265265264,218.24477493406573,333.15643821266286
6.956956956956957,2087.087087087087,1.521521521521521,218.5592486731638,332.54260058379265
6.966966966966967,2090.09009009009,1.5165165165165162,218.87372241226188,331.9256150696463
6.976976976976977,2093.093093093093,1.5115115115115114,219.18819615135993,331.3054816702237
6.986986986986987,2096.096096096096,1.5065065065065064,219.502669890458,330.6822003855248
6.996996996996997,2099.099099099099,1.5015015015015014,219.81714362955609,330.05577121554967
7.007007007007007,2102.102102102102,1.4964964964964966,220.13161736865416,329.4261941602983
7.017017017017017,2105.105105105105,1.4914914914914918,220.44609110775224,328.79346921977066
7.027027027027027,2108.1081081081084,1.4864864864864864,220.76056484685034,328.1575963939667
7.037037037037037,2111.1111111111113,1.4814814814814814,221.07503858594842,327.51857568288654
7.047047047047047,2114.1141141141143,1.476476476476476,221.3895123250465,326.87640708653
7.057057057057057,2117.1171171171172,1.471471471471471,221.70398606414457,326.2310906048973
7.067067067067067,2120.12012012012,1.4664664664664662,222.01845980324262,325.58262623798834
7.077077077077077,2123.123123123123,1.4614614614614614,222.33293354234073,324.93101398580325
7.087087087087087,2126.126126126126,1.4564564564564564,222.6474072814388,324.2762538483418
7.097097097097097,2129.129129129129,1.4514514514514514,222.96188102053688,323.6183458256041
7.107107107107107,2132.132132132132,1.4464464464464466,223.27635475963496,322.9572899175901
7.117117117117117,2135.135135135135,1.4414414414414418,223.590828498733,322.2930861242999
7.127127127127127,2138.1381381381384,1.4364364364364364,223.90530223783114,321.62573444573337
7.137137137137137,2141.1411411411414,1.431431431431431,224.2197759769292,320.95523488189053
7.147147147147147,2144.1441441441443,1.426426426426426,224.53424971602726,320.2815874327715
7.157157157157157,2147.1471471471473,1.421421421421421,224.84872345512534,319.60479209837627
7.167167167167167,2150.1501501501502,1.4164164164164161,225.16319719422341,318.9248488787048
7.177177177177177,2153.153153153153,1.4114114114114114,225.4776709333215,318.24175777375706
7.187187187187187,2156.156156156156,1.4064064064064064,225.79214467241957,317.555518783533
7.197197197197197,2159.159159159159,1.4014014014014013,226.10661841151762,316.8661319080327
7.207207207207207,2162.162162162162,1.3963963963963966,226.4210921506157,316.1735971472562
7.217217217217217,2165.165165165165,1.3913913913913918,226.73556588971377,315.47791450120343
7.227227227227227,2168.168168168168,1.3863863863863868,227.05003962881185,314.77908396987436
7.237237237237237,2171.1711711711714,1.381381381381381,227.36451336790998,314.07710555326895
7.247247247247247,2174.1741741741744,1.3763763763763759,227.67898710700806,313.37197925138736
7.257257257257257,2177.1771771771773,1.3713713713713709,227.99346084610613,312.66370506422953
7.267267267267267,2180.1801801801803,1.366366366366366,228.3079345852042,311.95228299179547
7.277277277277277,2183.1831831831832,1.3613613613613613,228.62240832430228,311.2377130340852
7.287287287287287,2186.186186186186,1.3563563563563563,228.93688206340033,310.51999519109853
7.297297297297297,2189.189189189189,1.3513513513513513,229.2513558024984,309.7991294628357
7.307307307307307,2192.192192192192,1.3463463463463465,229.5658295415965,309.0751158492966
7.317317317317317,2195.195195195195,1.3413413413413418,229.88030328069456,308.3479543504813
7.327327327327327,2198.198198198198,1.3363363363363367,230.19477701979264,307.61764496638966
7.337337337337337,2201.201201201201,1.3313313313313317,230.5092507588907,306.88418769702173
7.347347347347347,2204.2042042042044,1.3263263263263259,230.82372449798882,306.14758254237745
7.357357357357357,2207.2072072072074,1.3213213213213209,231.1381982370869,305.40782950245705
7.367367367367367,2210.2102102102103,1.316316316316316,231.45267197618494,304.6649285772604
7.377377377377377,2213.2132132132133,1.3113113113113113,231.76714571528302,303.91887976678754
7.387387387387387,2216.2162162162163,1.3063063063063063,232.08161945438113,303.1696830710384
7.397397397397397,2219.219219219219,1.3013013013013013,232.3960931934792,302.417338490013
7.407407407407407,2222.222222222222,1.2962962962962965,232.71056693257728,301.66184602371135
7.4174174174174174,2225.225225225225,1.2912912912912917,233.02504067167536,300.9032056721334
7.4274274274274275,2228.228228228228,1.2862862862862867,233.3395144107734,300.1414174352792
7.4374374374374375,2231.231231231231,1.2812812812812817,233.65398814987148,299.37648131314876
7.4474474474474475,2234.2342342342345,1.2762762762762758,233.9684618889696,298.6083973057419
7.4574574574574575,2237.2372372372374,1.2712712712712708,234.28293562806766,297.83716541305887
7.4674674674674675,2240.2402402402404,1.266266266266266,234.59740936716574,297.0627856350997
7.4774774774774775,2243.2432432432433,1.2612612612612613,234.91188310626382,296.28525797186427
7.4874874874874875,2246.2462462462463,1.2562562562562563,235.2263568453619,295.50458242335253
7.4974974974974975,2249.2492492492493,1.2512512512512513,235.54083058445997,294.7207589895645
7.5075075075075075,2252.252252252252,1.2462462462462465,235.85530432355802,293.9337876705003
7.5175175175175175,2255.255255255255,1.2412412412412417,236.1697780626561,293.1436684661598
7.5275275275275275,2258.258258258258,1.2362362362362367,236.48425180175417,292.35040137654306
7.5375375375375375,2261.261261261261,1.2312312312312312,236.79872554085225,291.5539864016499
7.5475475475475475,2264.264264264264,1.2262262262262262,237.11319927995035,290.75442354148066
7.5575575575575575,2267.2672672672675,1.2212212212212208,237.42767301904846,289.95171279603505
7.5675675675675675,2270.2702702702704,1.216216216216216,237.74214675814653,289.1458541653133
7.5775775775775776,2273.2732732732734,1.2112112112112112,238.0566204972446,288.3368476493153
7.587587587587588,2276.2762762762763,1.2062062062062062,238.37109423634269,287.524693248041
7.597597597597598,2279.2792792792793,1.2012012012012012,238.68556797544073,286.7093909614904
7.607607607607608,2282.2822822822823,1.1961961961961964,239.0000417145388,285.8909407896636
7.617617617617618,2285.285285285285,1.1911911911911917,239.3145154536369,285.0693427325606
7.627627627627628,2288.288288288288,1.1861861861861862,239.62898919273496,284.2445967901811
7.637637637637638,2291.291291291291,1.1811811811811812,239.94346293183304,283.4167029625255
7.647647647647648,2294.294294294294,1.1761761761761762,240.2579366709311,282.5856612495936
7.657657657657658,2297.297297297297,1.1711711711711714,240.57241041002916,281.75147165138554
7.667667667667668,2300.3003003003005,1.166166166166166,240.8868841491273,280.9141341679012
7.677677677677678,2303.3033033033034,1.1611611611611612,241.20135788822535,280.0736487991405
7.687687687687688,2306.3063063063064,1.1561561561561562,241.51583162732342,279.23001554510364
7.697697697697698,2309.3093093093094,1.1511511511511512,241.83030536642153,278.3832344057906
7.707707707707708,2312.3123123123123,1.1461461461461464,242.1447791055196,277.5333053812012
7.717717717717718,2315.3153153153153,1.141141141141141,242.45925284461768,276.68022847133545
7.727727727727728,2318.3183183183182,1.1361361361361362,242.77372658371576,275.82400367619357
7.737737737737738,2321.321321321321,1.1311311311311312,243.0882003228138,274.9646309957754
7.747747747747748,2324.324324324324,1.1261261261261262,243.40267406191188,274.102110430081
7.757757757757758,2327.327327327327,1.1211211211211214,243.71714780100996,273.23644197911034
7.767767767767768,2330.3303303303305,1.116116116116116,244.03162154010806,272.3676256428633
7.777777777777778,2333.3333333333335,1.1111111111111112,244.34609527920614,271.4956614213402
7.787787787787788,2336.3363363363364,1.1061061061061062,244.66056901830422,270.6205493145407
7.797797797797798,2339.3393393393394,1.1011011011011012,244.9750427574023,269.742289322465
7.807807807807808,2342.3423423423424,1.0960960960960957,245.28951649650037,268.8608814451129
7.817817817817818,2345.3453453453453,1.091091091091091,245.60399023559842,267.97632568248474
7.827827827827828,2348.3483483483483,1.0860860860860861,245.9184639746965,267.0886220345803
7.837837837837838,2351.3513513513512,1.0810810810810811,246.23293771379457,266.19777050139953
7.847847847847848,2354.354354354354,1.0760760760760761,246.54741145289265,265.30377108294255
7.857857857857858,2357.357357357357,1.0710710710710714,246.86188519199075,264.4066237792094
7.867867867867868,2360.36036036036,1.0660660660660666,247.17635893108883,263.5063285901999
7.877877877877878,2363.3633633633635,1.0610610610610611,247.49083267018693,262.60288551591407
7.887887887887888,2366.3663663663665,1.0560560560560557,247.805306409285,261.6962945563519
7.897897897897898,2369.3693693693695,1.0510510510510507,248.1197801483831,260.78655571151364
7.907907907907908,2372.3723723723724,1.0460460460460457,248.43425388748113,259.8736689813991
7.917917917917918,2375.3753753753754,1.041041041041041,248.7487276265792,258.95763436600834
7.927927927927928,2378.3783783783783,1.0360360360360361,249.0632013656773,258.03845186534136
7.937937937937938,2381.3813813813813,1.031031031031031,249.37767510477536,257.11612147939803
7.947947947947948,2384.3843843843842,1.026026026026026,249.69214884387344,256.19064320817847
7.957957957957958,2387.387387387387,1.0210210210210213,250.0066225829715,255.26201705168268
7.967967967967968,2390.39039039039,1.0160160160160165,250.32109632206956,254.33024300991065
7.977977977977978,2393.393393393393,1.0110110110110115,250.63557006116764,253.39532108286232
7.987987987987988,2396.3963963963965,1.0060060060060056,250.95004380026575,252.4572512705375
7.997997997997998,2399.3993993993995,1.0010010010010006,251.26451753936382,251.51603357293666
8.008008008008009,2402.4024024024025,0.9959959959959958,251.57899127846193,250.5716679900596
8.018018018018019,2405.4054054054054,0.9909909909909909,251.89346501756,249.6241545219063
8.028028028028029,2408.408408408409,0.9859859859859854,252.2079387566581,248.67349316847657
8.038038038038039,2411.411411411412,0.9809809809809805,252.52241249575619,247.71968392977072
8.048048048048049,2414.4144144144148,0.9759759759759756,252.83688623485426,246.76272680578862
8.058058058058059,2417.4174174174177,0.9709709709709707,253.15135997395234,245.80262179653025
8.068068068068069,2420.4204204204207,0.9659659659659653,253.46583371305042,244.83936890199547
8.078078078078079,2423.4234234234236,0.9609609609609604,253.78030745214846,243.87296812218457
8.088088088088089,2426.4264264264266,0.9559559559559555,254.09478119124654,242.90341945709744
8.098098098098099,2429.4294294294295,0.9509509509509506,254.40925493034462,241.93072290673405
8.108108108108109,2432.4324324324325,0.9459459459459457,254.7237286694427,240.9548784710944
8.118118118118119,2435.4354354354355,0.9409409409409408,255.03820240854077,239.97588615017847
8.128128128128129,2438.4384384384384,0.9359359359359359,255.35267614763882,238.99374594398628
8.138138138138139,2441.441441441442,0.9309309309309305,255.66714988673695,238.00845785251778
8.148148148148149,2444.444444444445,0.9259259259259256,255.98162362583506,237.02002187577312
8.158158158158159,2447.4474474474478,0.9209209209209201,256.2960973649331,236.02843801375198
8.168168168168169,2450.4504504504507,0.9159159159159153,256.6105711040312,235.03370626645483
8.178178178178179,2453.4534534534537,0.9109109109109104,256.9250448431292,234.03582663388133
8.188188188188189,2456.4564564564566,0.9059059059059055,257.23951858222733,233.03479911603165
8.198198198198199,2459.4594594594596,0.9009009009009006,257.5539923213254,232.03062371290568
8.208208208208209,2462.4624624624626,0.8958958958958957,257.8684660604235,231.02330042450347
8.218218218218219,2465.4654654654655,0.8908908908908908,258.18293979952153,230.01282925082498
8.228228228228229,2468.4684684684685,0.8858858858858859,258.4974135386196,228.99921019187022
8.238238238238239,2471.471471471472,0.8808808808808805,258.81188727771774,227.98244324763914
8.248248248248249,2474.474474474475,0.875875875875875,259.1263610168158,226.96252841813174
8.258258258258259,2477.477477477478,0.8708708708708701,259.4408347559139,225.93946570334825
8.268268268268269,2480.4804804804808,0.8658658658658652,259.75530849501195,224.91325510328846
8.278278278278279,2483.4834834834837,0.8608608608608603,260.06978223411005,223.88389661795244
8.288288288288289,2486.4864864864867,0.8558558558558554,260.3842559732081,222.85139024734016
8.298298298298299,2489.4894894894896,0.8508508508508505,260.69872971230615,221.8157359914516
8.308308308308309,2492.4924924924926,0.8458458458458457,261.01320345140425,220.77693385028684
8.318318318318319,2495.4954954954956,0.8408408408408408,261.3276771905023,219.73498382384577
8.328328328328329,2498.4984984984985,0.8358358358358359,261.6421509296004,218.6898859121285
8.338338338338339,2501.5015015015015,0.830830830830831,261.95662466869845,217.6416401151349
8.348348348348349,2504.504504504505,0.825825825825825,262.27109840779656,216.5902464328648
8.358358358358359,2507.507507507508,0.8208208208208201,262.58557214689466,215.53570486531876
8.368368368368369,2510.510510510511,0.8158158158158152,262.9000458859927,214.4780154124964
8.378378378378379,2513.5135135135138,0.8108108108108103,263.2145196250908,213.4171780743978
8.388388388388389,2516.5165165165167,0.8058058058058054,263.52899336418886,212.35319285102295
8.398398398398399,2519.5195195195197,0.8008008008008005,263.84346710328697,211.28605974237186
8.408408408408409,2522.5225225225226,0.7957957957957956,264.157940842385,210.21577874844448
8.418418418418419,2525.5255255255256,0.7907907907907907,264.4724145814831,209.1423498692409
8.428428428428429,2528.5285285285286,0.7857857857857858,264.78688832058117,208.065773104761
8.438438438438439,2531.5315315315315,0.780780780780781,265.1013620596792,206.98604845500483
8.448448448448449,2534.5345345345345,0.775775775775776,265.4158357987773,205.90317591997248
8.458458458458459,2537.537537537538,0.77077077077077,265.7303095378754,204.81715549966356
8.468468468468469,2540.540540540541,0.7657657657657652,266.0447832769735,203.72798719407862
8.478478478478479,2543.543543543544,0.7607607607607603,266.3592570160716,202.63567100321748
8.488488488488489,2546.546546546547,0.7557557557557554,266.67373075516963,201.54020692708005
8.498498498498499,2549.5495495495497,0.7507507507507505,266.98820449426773,200.44159496566638
8.508508508508509,2552.5525525525527,0.7457457457457456,267.3026782333658,199.33983511897645
8.518518518518519,2555.5555555555557,0.7407407407407407,267.6171519724639,198.2349273870103
8.528528528528529,2558.5585585585586,0.7357357357357358,267.93162571156194,197.1268717697678
8.538538538538539,2561.5615615615616,0.7307307307307309,268.24609945066,196.01566826724908
8.548548548548549,2564.5645645645645,0.725725725725726,268.5605731897581,194.90131687945416
8.558558558558559,2567.5675675675675,0.7207207207207206,268.8750469288562,193.7838176063828
8.568568568568569,2570.570570570571,0.7157157157157151,269.1895206679543,192.6631704480352
8.578578578578579,2573.573573573574,0.7107107107107102,269.50399440705235,191.53937540441146
8.588588588588589,2576.576576576577,0.7057057057057053,269.81846814615045,190.41243247551148
8.598598598598599,2579.57957957958,0.7007007007007005,270.1329418852485,189.2823416613352
8.608608608608609,2582.5825825825827,0.6956956956956956,270.44741562434655,188.1491029618827
8.618618618618619,2585.5855855855857,0.6906906906906907,270.76188936344465,187.01271637715396
8.62862862862863,2588.5885885885887,0.6856856856856858,271.0763631025427,185.87318190714893
8.63863863863864,2591.5915915915916,0.6806806806806809,271.3908368416408,184.73049955186767
8.64864864864865,2594.5945945945946,0.6756756756756754,271.70531058073885,183.58466931130997
8.65865865865866,2597.5975975975975,0.6706706706706705,272.01978431983696,182.4356911854762
8.66866866866867,2600.600600600601,0.6656656656656651,272.33425805893506,181.28356517436603
8.67867867867868,2603.603603603604,0.6606606606606602,272.6487317980331,180.1282912779797
8.68868868868869,2606.606606606607,0.6556556556556553,272.9632055371312,178.96986949631716
8.6986986986987,2609.60960960961,0.6506506506506504,273.2776792762293,177.80829982937837
8.70870870870871,2612.612612612613,0.6456456456456455,273.59215301532737,176.6435822771633
8.71871871871872,2615.6156156156158,0.6406406406406406,273.9066267544254,175.47571683967195
8.72872872872873,2618.6186186186187,0.6356356356356357,274.22110049352347,174.30470351690434
8.73873873873874,2621.6216216216217,0.6306306306306303,274.53557423262157,173.13054230886036
8.74874874874875,2624.6246246246246,0.6256256256256254,274.8500479717196,171.95323321554025
8.75875875875876,2627.6276276276276,0.6206206206206205,275.1645217108177,170.7727762369439
8.76876876876877,2630.6306306306305,0.6156156156156156,275.4789954499158,169.58917137307128
8.77877877877878,2633.633633633634,0.6106106106106102,275.79346918901393,168.4024186239223
8.78878878878879,2636.636636636637,0.6056056056056053,276.107942928112,167.21251798949714
8.7987987987988,2639.63963963964,0.6006006006006004,276.4224166672101,166.01946946979578
8.80880880880881,2642.642642642643,0.5955955955955955,276.7368904063081,164.8232730648181
8.81881881881882,2645.645645645646,0.5905905905905906,277.0513641454062,163.6239287745642
8.82882882882883,2648.6486486486488,0.5855855855855852,277.36583788450423,162.42143659903388
8.83883883883884,2651.6516516516517,0.5805805805805803,277.68031162360234,161.2157965382275
8.84884884884885,2654.6546546546547,0.5755755755755754,277.9947853627004,160.0070085921448
8.85885885885886,2657.6576576576576,0.5705705705705705,278.3092591017985,158.7950727607859
8.86886886886887,2660.6606606606606,0.5655655655655656,278.6237328408966,157.57998904415072
8.87887887887888,2663.663663663664,0.5605605605605601,278.9382065799947,156.36175744223917
8.88888888888889,2666.666666666667,0.5555555555555552,279.25268031909275,155.14037795505143
8.8988988988989,2669.66966966967,0.5505505505505504,279.5671540581908,153.91585058258747
8.90890890890891,2672.672672672673,0.5455455455455455,279.8816277972889,152.68817532484726
8.91891891891892,2675.675675675676,0.54054054054054,280.19610153638695,151.45735218183063
8.92892892892893,2678.678678678679,0.5355355355355351,280.51057527548505,150.22338115353793
8.93893893893894,2681.6816816816818,0.5305305305305302,280.8250490145831,148.98626223996894
8.94894894894895,2684.6846846846847,0.5255255255255253,281.1395227536812,147.7459954411237
8.95895895895896,2687.6876876876877,0.5205205205205204,281.45399649277925,146.5025807570022
8.96896896896897,2690.6906906906906,0.5155155155155156,281.76847023187736,145.25601818760447
8.97897897897898,2693.6936936936936,0.5105105105105107,282.0829439709754,144.00630773293042
8.98898898898899,2696.696696696697,0.5055055055055052,282.3974177100735,142.75344939298003
8.998998998999,2699.6996996997,0.5005005005004998,282.71189144917156,141.49744316775332
9.00900900900901,2702.702702702703,0.4954954954954949,283.02636518826966,140.23828905725057
9.01901901901902,2705.705705705706,0.49049049049049,283.34083892736777,138.97598706147153
9.02902902902903,2708.708708708709,0.4854854854854851,283.6553126664658,137.71053718041622
9.03903903903904,2711.711711711712,0.4804804804804802,283.9697864055639,136.4419394140847
9.04904904904905,2714.714714714715,0.4754754754754753,284.28426014466197,135.17019376247686
9.05905905905906,2717.7177177177177,0.4704704704704704,284.5987338837601,133.89530022559282
9.06906906906907,2720.7207207207207,0.4654654654654655,284.9132076228581,132.61725880343246
9.07907907907908,2723.7237237237237,0.46046046046046063,285.22768136195623,131.3360694959959
9.08908908908909,2726.7267267267266,0.45545545545545574,285.5421551010542,130.05173230328305
9.0990990990991,2729.72972972973,0.45045045045044974,285.8566288401524,128.76424722529367
9.10910910910911,2732.732732732733,0.44544544544544484,286.17110257925043,127.47361426202829
9.11911911911912,2735.735735735736,0.44044044044043995,286.48557631834854,126.1798334134867
9.12912912912913,2738.738738738739,0.43543543543543506,286.8000500574466,124.88290467966883
9.13913913913914,2741.741741741742,0.43043043043043017,287.1145237965447,123.58282806057471
9.14914914914915,2744.744744744745,0.4254254254254253,287.42899753564274,122.27960355620432
9.15915915915916,2747.747747747748,0.4204204204204204,287.74347127474084,120.9732311665577
9.16916916916917,2750.7507507507507,0.4154154154154155,288.05794501383883,119.66371089163478
9.17917917917918,2753.7537537537537,0.4104104104104106,288.37241875293694,118.35104273143564
9.18918918918919,2756.7567567567567,0.4054054054054057,288.68689249203504,117.03522668596024
9.1991991991992,2759.7597597597596,0.4004004004004008,289.0013662311331,115.71626275520856
9.20920920920921,2762.762762762763,0.3953953953953948,289.31583997023125,114.39415093918035
9.21921921921922,2765.765765765766,0.3903903903903899,289.6303137093293,113.06889123787617
9.22922922922923,2768.768768768769,0.385385385385385,289.9447874484274,111.74048365129575
9.23923923923924,2771.771771771772,0.38038038038038013,290.25926118752545,110.40892817943904
9.24924924924925,2774.774774774775,0.37537537537537524,290.57373492662356,109.0742248223061
9.25925925925926,2777.777777777778,0.37037037037037035,290.88820866572155,107.73637357989686
9.26926926926927,2780.780780780781,0.36536536536536546,291.20268240481965,106.39537445221141
9.27927927927928,2783.7837837837837,0.36036036036036057,291.5171561439177,105.05122743924969
9.28928928928929,2786.7867867867867,0.3553553553553557,291.8316298830158,103.70393254101171
9.2992992992993,2789.7897897897897,0.3503503503503508,292.14610362211386,102.35348975749747
9.30930930930931,2792.792792792793,0.3453453453453448,292.460577361212,100.99989908870668
9.31931931931932,2795.795795795796,0.3403403403403399,292.7750511003101,99.64316053463995
9.32932932932933,2798.798798798799,0.335335335335335,293.08952483940817,98.28327409529693
9.33933933933934,2801.801801801802,0.3303303303303301,293.4039985785062,96.92023977067767
9.34934934934935,2804.804804804805,0.3253253253253252,293.71847231760427,95.55405756078214
9.35935935935936,2807.807807807808,0.3203203203203203,294.0329460567024,94.18472746561037
9.36936936936937,2810.810810810811,0.3153153153153154,294.3474197958004,92.81224948516233
9.37937937937938,2813.813813813814,0.31031031031031053,294.6618935348985,91.43662361943805
9.38938938938939,2816.8168168168168,0.30530530530530564,294.9763672739966,90.05784986843749
9.3993993993994,2819.8198198198197,0.30030030030030075,295.2908410130947,88.6759282321607
9.40940940940941,2822.8228228228227,0.2952952952952953,295.6053147521927,87.29085871060747
9.41941941941942,2825.825825825826,0.29029029029028985,295.9197884912909,85.90264130377801
9.42942942942943,2828.828828828829,0.28528528528528496,296.2342622303889,84.51127601167241
9.43943943943944,2831.831831831832,0.28028028028028007,296.548735969487,83.11676283429058
9.44944944944945,2834.834834834835,0.2752752752752752,296.86320970858503,81.71910177163248
9.45945945945946,2837.837837837838,0.2702702702702703,297.17768344768314,80.31829282369814
9.46946946946947,2840.840840840841,0.2652652652652654,297.4921571867812,78.91433599048754
9.47947947947948,2843.843843843844,0.2602602602602605,297.8066309258793,77.50723127200068
9.48948948948949,2846.846846846847,0.25525525525525505,298.1211046649774,76.09697866823741
9.4994994994995,2849.8498498498498,0.25025025025025016,298.43557840407544,74.68357817919804
9.50950950950951,2852.8528528528527,0.24524524524524527,298.75005214317355,73.26702980488241
9.51951951951952,2855.855855855856,0.24024024024023982,299.0645258822716,71.84733354529035
9.52952952952953,2858.858858858859,0.23523523523523493,299.3789996213697,70.42448940042222
9.53953953953954,2861.861861861862,0.23023023023023004,299.69347336046775,68.9984973702778
9.54954954954955,2864.864864864865,0.22522522522522515,300.00794709956585,67.56935745485715
9.55955955955956,2867.867867867868,0.22022022022022025,300.3224208386639,66.13706965416023
9.56956956956957,2870.870870870871,0.21521521521521536,300.636894577762,64.70163396818707
9.57957957957958,2873.873873873874,0.2102102102102099,300.95136831686006,63.26305039693746
9.58958958958959,2876.876876876877,0.20520520520520502,301.26584205595816,61.82131894041178
9.5995995995996,2879.87987987988,0.20020020020020013,301.5803157950562,60.37643959860983
9.60960960960961,2882.8828828828828,0.19519519519519524,301.8947895341543,58.928412371531635
9.61961961961962,2885.8858858858857,0.19019019019019034,302.2092632732523,57.47723725917716
9.62962962962963,2888.888888888889,0.1851851851851849,302.52373701235047,56.0229142615463
9.63963963963964,2891.891891891892,0.18018018018018,302.83821075144857,54.56544337863933
9.64964964964965,2894.894894894895,0.1751751751751751,303.1526844905466,53.1048246104561
9.65965965965966,2897.897897897898,0.17017017017017022,303.4671582296447,51.64105795699661
9.66966966966967,2900.900900900901,0.16516516516516477,303.7816319687428,50.1741434182607
9.67967967967968,2903.903903903904,0.16016016016015988,304.0961057078409,48.704080994248706
9.68968968968969,2906.906906906907,0.155155155155155,304.4105794469389,47.23087068496044
9.6996996996997,2909.90990990991,0.1501501501501501,304.725053186037,45.754512490395925
9.70970970970971,2912.912912912913,0.1451451451451452,305.039526925135,44.27500641055515
9.71971971971972,2915.915915915916,0.1401401401401403,305.3540006642331,42.79235244543813
9.72972972972973,2918.9189189189187,0.13513513513513542,305.6684744033312,41.30655059504484
9.73973973973974,2921.921921921922,0.13013013013012997,305.98294814242934,39.81760085937514
9.74974974974975,2924.924924924925,0.12512512512512508,306.2974218815274,38.32550323842934
9.75975975975976,2927.927927927928,0.12012012012011963,306.6118956206255,36.830257732207116
9.76976976976977,2930.930930930931,0.11511511511511474,306.92636935972354,35.3318643407088
9.77977977977978,2933.933933933934,0.11011011011010985,307.24084309882164,33.83032306393424
9.78978978978979,2936.936936936937,0.10510510510510496,307.55531683791963,32.3256339018834
9.7997997997998,2939.93993993994,0.10010010010010006,307.86979057701774,30.81779685455632
9.80980980980981,2942.942942942943,0.09509509509509517,308.18426431611584,29.30681192195298
9.81981981981982,2945.945945945946,0.09009009009009028,308.4987380552139,27.792679104073382
9.82982982982983,2948.948948948949,0.08508508508508539,308.813211794312,26.27539840091753
9.83983983983984,2951.9519519519517,0.0800800800800805,309.12768553341004,24.754969812485417
9.84984984984985,2954.954954954955,0.0750750750750745,309.4421592725082,23.231393338776712
9.85985985985986,2957.957957957958,0.0700700700700696,309.75663301160625,21.704668979792086
9.86986986986987,2960.960960960961,0.06506506506506471,310.0711067507043,20.1747967355312
9.87987987987988,2963.963963963964,0.06006006006005982,310.38558048980235,18.64177660599406
9.88988988988989,2966.966966966967,0.055055055055054924,310.70005422890046,17.105608591180665
9.8998998998999,2969.96996996997,0.05005005005005003,311.0145279679985,15.56629269109101
9.90990990990991,2972.972972972973,0.04504504504504514,311.3290017070966,14.023828905725102
9.91991991991992,2975.975975975976,0.04004004004004025,311.64347544619466,12.478217235082933
9.92992992992993,2978.978978978979,0.035035035035035356,311.95794918529276,10.92945767916451
9.93993993993994,2981.981981981982,0.030030030030030463,312.2724229243908,9.37755023796983
9.94994994994995,2984.984984984985,0.02502502502502446,312.586896663489,7.822494911498547
9.95995995995996,2987.987987987988,0.02002002002001957,312.901370402587,6.264291699751351
9.96996996996997,2990.990990990991,0.015015015015014677,313.21584414168507,4.702940602727898
9.97997997997998,2993.993993993994,0.010010010010009784,313.5303178807832,3.138441620428189
9.98998998998999,2996.996996996997,0.005005005005004892,313.8447916198812,1.570794752852223
10.0,3000.0,0.0,314.1592653589793,0.0
